{"BFS": [21.545454545454547, 100.81818181818181, 143.54545454545453, 234.72727272727272, 325.3636363636364, 523.2727272727273, 641.7272727272727, 578.4545454545455, 622.1818181818181, 790.1818181818181], "UCS": [32.27272727272727, 157.8181818181818, 337, 664.4545454545455, 1163.2727272727273, 1562.3636363636363, 2285.4545454545455, 2863.6363636363635, 3603.5454545454545, 4664], "A_Star": [24.636363636363637, 126.9090909090909, 248.1818181818182, 493.54545454545456, 896.3636363636364, 1183.6363636363637, 1889.909090909091, 1998.8181818181818, 2374.7272727272725, 3380.2727272727275]}