{"BFS": [22.454545454545453, 88.63636363636364, 115.18181818181819, 178.45454545454547, 220.27272727272728, 328.6363636363636, 367.90909090909093, 381.72727272727275, 429.3636363636364, 493.72727272727275], "UCS": [22.09090909090909, 84.63636363636364, 107.18181818181819, 145.72727272727272, 187.9090909090909, 253.36363636363637, 289.3636363636364, 316.6363636363636, 317.3636363636364, 391.54545454545456], "A_Star": [22.09090909090909, 84.63636363636364, 107.18181818181819, 145.72727272727272, 187.9090909090909, 253.36363636363637, 289.3636363636364, 316.6363636363636, 317.3636363636364, 391.54545454545456]}